year,month,oni,dmi,mjo_amplitude,mjo_phase
1950,1,-1.32,-0.044,1.2760753797360933,0.0
1950,2,-1.2,-0.553,1.2760753797360933,0.0
1950,3,-1.12,-0.692,1.2760753797360933,0.0
1950,4,-1.08,-0.474,1.2760753797360933,0.0
1950,5,-1.1,-0.309,1.2760753797360933,0.0
1950,6,-0.9,-0.493,1.2760753797360933,0.0
1950,7,-0.62,-0.348,1.2760753797360933,0.0
1950,8,-0.57,-0.22,1.2760753797360933,0.0
1950,9,-0.56,-0.631,1.2760753797360933,0.0
1950,10,-0.62,-0.59,1.2760753797360933,0.0
1950,11,-0.66,-0.227,1.2760753797360933,0.0
1950,12,-0.79,-0.027,1.2760753797360933,0.0
1951,1,-0.66,0.256,1.2760753797360933,0.0
1951,2,-0.36,0.211,1.2760753797360933,0.0
1951,3,-0.04,0.259,1.2760753797360933,0.0
1951,4,0.16,-0.514,1.2760753797360933,0.0
1951,5,0.27,-0.138,1.2760753797360933,0.0
1951,6,0.5,-0.19,1.2760753797360933,0.0
1951,7,0.71,-0.22,1.2760753797360933,0.0
1951,8,0.9,0.124,1.2760753797360933,0.0
1951,9,1.02,-0.005,1.2760753797360933,0.0
1951,10,1.03,-0.168,1.2760753797360933,0.0
1951,11,0.96,0.122,1.2760753797360933,0.0
1951,12,0.71,-0.072,1.2760753797360933,0.0
1952,1,0.52,-0.069,1.2760753797360933,0.0
1952,2,0.27,0.08,1.2760753797360933,0.0
1952,3,0.33,0.126,1.2760753797360933,0.0
1952,4,0.18,0.074,1.2760753797360933,0.0
1952,5,-0.07,-0.148,1.2760753797360933,0.0
1952,6,-0.44,0.019,1.2760753797360933,0.0
1952,7,-0.45,-0.43,1.2760753797360933,0.0
1952,8,-0.2,-0.463,1.2760753797360933,0.0
1952,9,0.03,-0.606,1.2760753797360933,0.0
1952,10,0.04,-0.546,1.2760753797360933,0.0
1952,11,-0.11,-0.171,1.2760753797360933,0.0
1952,12,0.06,-0.031,1.2760753797360933,0.0
1953,1,0.25,0.304,1.2760753797360933,0.0
1953,2,0.5,0.285,1.2760753797360933,0.0
1953,3,0.48,0.188,1.2760753797360933,0.0
1953,4,0.56,-0.054,1.2760753797360933,0.0
1953,5,0.77,0.316,1.2760753797360933,0.0
1953,6,0.74,-0.113,1.2760753797360933,0.0
1953,7,0.63,-0.178,1.2760753797360933,0.0
1953,8,0.68,-0.231,1.2760753797360933,0.0
1953,9,0.59,-0.24,1.2760753797360933,0.0
1953,10,0.78,-0.312,1.2760753797360933,0.0
1953,11,0.52,-0.136,1.2760753797360933,0.0
1953,12,0.56,-0.119,1.2760753797360933,0.0
1954,1,0.41,-0.339,1.2760753797360933,0.0
1954,2,0.35,-0.272,1.2760753797360933,0.0
1954,3,0.01,-0.163,1.2760753797360933,0.0
1954,4,-0.27,-0.009,1.2760753797360933,0.0
1954,5,-0.48,-0.55,1.2760753797360933,0.0
1954,6,-0.48,-0.505,1.2760753797360933,0.0
1954,7,-0.67,-0.855,1.2760753797360933,0.0
1954,8,-0.83,-0.631,1.2760753797360933,0.0
1954,9,-0.73,-0.719,1.2760753797360933,0.0
1954,10,-0.52,-0.836,1.2760753797360933,0.0
1954,11,-0.4,-0.451,1.2760753797360933,0.0
1954,12,-0.44,-0.053,1.2760753797360933,0.0
1955,1,-0.5,-0.05,1.2760753797360933,0.0
1955,2,-0.48,-0.152,1.2760753797360933,0.0
1955,3,-0.58,0.019,1.2760753797360933,0.0
1955,4,-0.76,-0.044,1.2760753797360933,0.0
1955,5,-0.78,-0.696,1.2760753797360933,0.0
1955,6,-0.88,-0.387,1.2760753797360933,0.0
1955,7,-0.72,-0.439,1.2760753797360933,0.0
1955,8,-0.92,-0.43,1.2760753797360933,0.0
1955,9,-1.11,-0.738,1.2760753797360933,0.0
1955,10,-1.44,-0.73,1.2760753797360933,0.0
1955,11,-1.59,-0.269,1.2760753797360933,0.0
1955,12,-1.51,-0.301,1.2760753797360933,0.0
1956,1,-1.17,-0.101,1.2760753797360933,0.0
1956,2,-0.81,-0.021,1.2760753797360933,0.0
1956,3,-0.57,-0.001,1.2760753797360933,0.0
1956,4,-0.51,-0.3,1.2760753797360933,0.0
1956,5,-0.49,-0.57,1.2760753797360933,0.0
1956,6,-0.47,-0.826,1.2760753797360933,0.0
1956,7,-0.55,-1.083,1.2760753797360933,0.0
1956,8,-0.52,-0.772,1.2760753797360933,0.0
1956,9,-0.43,-0.803,1.2760753797360933,0.0
1956,10,-0.39,-0.672,1.2760753797360933,0.0
1956,11,-0.37,-0.516,1.2760753797360933,0.0
1956,12,-0.39,-0.15,1.2760753797360933,0.0
1957,1,-0.27,-0.437,1.2760753797360933,0.0
1957,2,-0.06,-0.563,1.2760753797360933,0.0
1957,3,0.26,-0.197,1.2760753797360933,0.0
1957,4,0.63,-0.3,1.2760753797360933,0.0
1957,5,0.72,-0.327,1.2760753797360933,0.0
1957,6,0.82,-0.466,1.2760753797360933,0.0
1957,7,0.96,-0.489,1.2760753797360933,0.0
1957,8,1.03,-0.266,1.2760753797360933,0.0
1957,9,1.12,-0.383,1.2760753797360933,0.0
1957,10,1.15,-0.523,1.2760753797360933,0.0
1957,11,1.39,-0.483,1.2760753797360933,0.0
1957,12,1.62,-0.25,1.2760753797360933,0.0
1958,1,1.69,-0.396,1.2760753797360933,0.0
1958,2,1.59,-0.234,1.2760753797360933,0.0
1958,3,1.17,-0.374,1.2760753797360933,0.0
1958,4,0.84,-0.347,1.2760753797360933,0.0
1958,5,0.57,-0.496,1.2760753797360933,0.0
1958,6,0.49,-0.855,1.2760753797360933,0.0
1958,7,0.43,-1.063,1.2760753797360933,0.0
1958,8,0.32,-1.259,1.2760753797360933,0.0
1958,9,0.28,-1.303,1.2760753797360933,0.0
1958,10,0.3,-0.967,1.2760753797360933,0.0
1958,11,0.36,-0.675,1.2760753797360933,0.0
1958,12,0.56,-0.639,1.2760753797360933,0.0
1959,1,0.6,-0.027,1.2760753797360933,0.0
1959,2,0.64,-0.531,1.2760753797360933,0.0
1959,3,0.48,-0.524,1.2760753797360933,0.0
1959,4,0.39,-0.356,1.2760753797360933,0.0
1959,5,0.24,-0.742,1.2760753797360933,0.0
1959,6,0.02,-0.745,1.2760753797360933,0.0
1959,7,-0.19,-0.667,1.2760753797360933,0.0
1959,8,-0.23,-0.913,1.2760753797360933,0.0
1959,9,-0.04,-0.839,1.2760753797360933,0.0
1959,10,0.11,-0.586,1.2760753797360933,0.0
1959,11,0.23,-0.575,1.2760753797360933,0.0
1959,12,0.14,-0.357,1.2760753797360933,0.0
1960,1,0.02,-0.237,1.2760753797360933,0.0
1960,2,0.03,-0.044,1.2760753797360933,0.0
1960,3,0.06,-0.433,1.2760753797360933,0.0
1960,4,0.17,-0.745,1.2760753797360933,0.0
1960,5,0.04,-0.739,1.2760753797360933,0.0
1960,6,0.0,-0.681,1.2760753797360933,0.0
1960,7,0.01,-0.735,1.2760753797360933,0.0
1960,8,0.15,-0.584,1.2760753797360933,0.0
1960,9,0.19,-0.582,1.2760753797360933,0.0
1960,10,0.08,-0.906,1.2760753797360933,0.0
1960,11,-0.07,-0.811,1.2760753797360933,0.0
1960,12,-0.07,-0.641,1.2760753797360933,0.0
1961,1,0.0,-0.144,1.2760753797360933,0.0
1961,2,0.03,-0.08,1.2760753797360933,0.0
1961,3,0.01,-0.122,1.2760753797360933,0.0
1961,4,0.05,-0.613,1.2760753797360933,0.0
1961,5,0.22,-0.438,1.2760753797360933,0.0
1961,6,0.22,-0.006,1.2760753797360933,0.0
1961,7,0.08,0.63,1.2760753797360933,0.0
1961,8,-0.2,0.775,1.2760753797360933,0.0
1961,9,-0.32,0.554,1.2760753797360933,0.0
1961,10,-0.22,0.457,1.2760753797360933,0.0
1961,11,-0.11,0.323,1.2760753797360933,0.0
1961,12,-0.05,0.311,1.2760753797360933,0.0
1962,1,-0.16,0.512,1.2760753797360933,0.0
1962,2,-0.17,0.544,1.2760753797360933,0.0
1962,3,-0.15,0.357,1.2760753797360933,0.0
1962,4,-0.2,-0.02,1.2760753797360933,0.0
1962,5,-0.19,-0.385,1.2760753797360933,0.0
1962,6,-0.13,-0.458,1.2760753797360933,0.0
1962,7,0.0,-0.468,1.2760753797360933,0.0
1962,8,-0.1,-0.304,1.2760753797360933,0.0
1962,9,-0.16,-0.186,1.2760753797360933,0.0
1962,10,-0.25,-0.328,1.2760753797360933,0.0
1962,11,-0.25,-0.213,1.2760753797360933,0.0
1962,12,-0.32,-0.071,1.2760753797360933,0.0
1963,1,-0.33,0.328,1.2760753797360933,0.0
1963,2,-0.17,0.396,1.2760753797360933,0.0
1963,3,0.01,0.201,1.2760753797360933,0.0
1963,4,0.13,-0.061,1.2760753797360933,0.0
1963,5,0.12,-0.324,1.2760753797360933,0.0
1963,6,0.45,-0.247,1.2760753797360933,0.0
1963,7,0.76,0.212,1.2760753797360933,0.0
1963,8,1.09,0.473,1.2760753797360933,0.0
1963,9,1.09,0.082,1.2760753797360933,0.0
1963,10,1.13,0.431,1.2760753797360933,0.0
1963,11,1.19,0.319,1.2760753797360933,0.0
1963,12,1.13,-0.059,1.2760753797360933,0.0
1964,1,0.95,-0.461,1.2760753797360933,0.0
1964,2,0.52,-0.692,1.2760753797360933,0.0
1964,3,0.06,-0.312,1.2760753797360933,0.0
1964,4,-0.35,-0.224,1.2760753797360933,0.0
1964,5,-0.6,-0.52,1.2760753797360933,0.0
1964,6,-0.66,-0.344,1.2760753797360933,0.0
1964,7,-0.67,-0.829,1.2760753797360933,0.0
1964,8,-0.7,-0.683,1.2760753797360933,0.0
1964,9,-0.72,-0.98,1.2760753797360933,0.0
1964,10,-0.8,-1.028,1.2760753797360933,0.0
1964,11,-0.79,-0.284,1.2760753797360933,0.0
1964,12,-0.75,-0.182,1.2760753797360933,0.0
1965,1,-0.51,-0.331,1.2760753797360933,0.0
1965,2,-0.25,-0.447,1.2760753797360933,0.0
1965,3,-0.04,-0.186,1.2760753797360933,0.0
1965,4,0.16,-0.285,1.2760753797360933,0.0
1965,5,0.47,-0.54,1.2760753797360933,0.0
1965,6,0.79,-0.488,1.2760753797360933,0.0
1965,7,1.1,-0.473,1.2760753797360933,0.0
1965,8,1.27,-0.247,1.2760753797360933,0.0
1965,9,1.55,-0.197,1.2760753797360933,0.0
1965,10,1.7,0.017,1.2760753797360933,0.0
1965,11,1.82,-0.225,1.2760753797360933,0.0
1965,12,1.6,-0.29,1.2760753797360933,0.0
1966,1,1.24,-0.232,1.2760753797360933,0.0
1966,2,0.95,-0.163,1.2760753797360933,0.0
1966,3,0.76,-0.341,1.2760753797360933,0.0
1966,4,0.43,-0.435,1.2760753797360933,0.0
1966,5,0.24,-0.423,1.2760753797360933,0.0
1966,6,0.18,-0.119,1.2760753797360933,0.0
1966,7,0.25,-0.005,1.2760753797360933,0.0
1966,8,0.13,0.129,1.2760753797360933,0.0
1966,9,-0.09,0.102,1.2760753797360933,0.0
1966,10,-0.12,-0.304,1.2760753797360933,0.0
1966,11,-0.23,-0.361,1.2760753797360933,0.0
1966,12,-0.35,-0.236,1.2760753797360933,0.0
1967,1,-0.46,-0.237,1.2760753797360933,0.0
1967,2,-0.48,-0.073,1.2760753797360933,0.0
1967,3,-0.5,0.249,1.2760753797360933,0.0
1967,4,-0.37,-0.263,1.2760753797360933,0.0
1967,5,-0.15,-0.166,1.2760753797360933,0.0
1967,6,0.05,0.044,1.2760753797360933,0.0
1967,7,-0.02,0.139,1.2760753797360933,0.0
1967,8,-0.26,0.13,1.2760753797360933,0.0
1967,9,-0.4,0.145,1.2760753797360933,0.0
1967,10,-0.4,0.158,1.2760753797360933,0.0
1967,11,-0.36,0.023,1.2760753797360933,0.0
1967,12,-0.42,0.054,1.2760753797360933,0.0
1968,1,-0.62,0.213,1.2760753797360933,0.0
1968,2,-0.73,0.334,1.2760753797360933,0.0
1968,3,-0.63,0.153,1.2760753797360933,0.0
1968,4,-0.48,0.073,1.2760753797360933,0.0
1968,5,-0.1,-0.123,1.2760753797360933,0.0
1968,6,0.17,0.09,1.2760753797360933,0.0
1968,7,0.44,-0.522,1.2760753797360933,0.0
1968,8,0.38,-0.455,1.2760753797360933,0.0
1968,9,0.34,-0.734,1.2760753797360933,0.0
1968,10,0.5,-0.531,1.2760753797360933,0.0
1968,11,0.66,-0.454,1.2760753797360933,0.0
1968,12,0.93,-0.213,1.2760753797360933,0.0
1969,1,0.98,-0.162,1.2760753797360933,0.0
1969,2,0.98,-0.164,1.2760753797360933,0.0
1969,3,0.77,0.06,1.2760753797360933,0.0
1969,4,0.69,-0.05,1.2760753797360933,0.0
1969,5,0.62,-0.166,1.2760753797360933,0.0
1969,6,0.48,-0.626,1.2760753797360933,0.0
1969,7,0.37,-0.406,1.2760753797360933,0.0
1969,8,0.41,-0.35,1.2760753797360933,0.0
1969,9,0.61,-0.248,1.2760753797360933,0.0
1969,10,0.71,-0.2,1.2760753797360933,0.0
1969,11,0.81,-0.004,1.2760753797360933,0.0
1969,12,0.71,-0.085,1.2760753797360933,0.0
1970,1,0.46,0.298,1.2760753797360933,0.0
1970,2,0.23,0.326,1.2760753797360933,0.0
1970,3,0.23,0.068,1.2760753797360933,0.0
1970,4,0.28,0.219,1.2760753797360933,0.0
1970,5,0.11,0.182,1.2760753797360933,0.0
1970,6,-0.26,-0.385,1.2760753797360933,0.0
1970,7,-0.55,-0.57,1.2760753797360933,0.0
1970,8,-0.72,-0.35,1.2760753797360933,0.0
1970,9,-0.69,-0.599,1.2760753797360933,0.0
1970,10,-0.72,-0.638,1.2760753797360933,0.0
1970,11,-0.78,-0.307,1.2760753797360933,0.0
1970,12,-1.1,-0.235,1.2760753797360933,0.0
1971,1,-1.29,0.198,1.2760753797360933,0.0
1971,2,-1.36,0.013,1.2760753797360933,0.0
1971,3,-1.08,0.208,1.2760753797360933,0.0
1971,4,-0.81,0.24,1.2760753797360933,0.0
1971,5,-0.72,-0.074,1.2760753797360933,0.0
1971,6,-0.69,-0.236,1.2760753797360933,0.0
1971,7,-0.68,-0.354,1.2760753797360933,0.0
1971,8,-0.6,-0.547,1.2760753797360933,0.0
1971,9,-0.68,-0.746,1.2760753797360933,0.0
1971,10,-0.78,-0.629,1.2760753797360933,0.0
1971,11,-0.86,0.018,1.2760753797360933,0.0
1971,12,-0.78,0.215,1.2760753797360933,0.0
1972,1,-0.57,0.143,1.2760753797360933,0.0
1972,2,-0.27,-0.216,1.2760753797360933,0.0
1972,3,0.04,0.03,1.2760753797360933,0.0
1972,4,0.25,0.131,1.2760753797360933,0.0
1972,5,0.48,0.157,1.2760753797360933,0.0
1972,6,0.7,0.738,1.2760753797360933,0.0
1972,7,1.0,0.708,1.2760753797360933,0.0
1972,8,1.26,0.511,1.2760753797360933,0.0
1972,9,1.49,0.363,1.2760753797360933,0.0
1972,10,1.69,0.327,1.2760753797360933,0.0
1972,11,1.84,0.67,1.2760753797360933,0.0
1972,12,1.77,0.477,1.2760753797360933,0.0
1973,1,1.55,0.043,1.2760753797360933,0.0
1973,2,1.13,-0.077,1.2760753797360933,0.0
1973,3,0.56,-0.001,1.2760753797360933,0.0
1973,4,-0.03,-0.116,1.2760753797360933,0.0
1973,5,-0.51,0.084,1.2760753797360933,0.0
1973,6,-0.8,-0.225,1.2760753797360933,0.0
1973,7,-0.99,-0.495,1.2760753797360933,0.0
1973,8,-1.11,-0.607,1.2760753797360933,0.0
1973,9,-1.26,-0.773,1.2760753797360933,0.0
1973,10,-1.58,-0.449,1.2760753797360933,0.0
1973,11,-1.89,-0.157,1.2760753797360933,0.0
1973,12,-2.04,0.047,1.2760753797360933,0.0
1974,1,-1.87,0.279,1.2760753797360933,0.0
1974,2,-1.59,0.156,1.2760753797360933,0.0
1974,3,-1.24,0.249,1.2760753797360933,0.0
1974,4,-0.99,-0.053,1.2760753797360933,0.0
1974,5,-0.71,-0.239,1.2760753797360933,0.0
1974,6,-0.64,-0.027,1.0546148806666666,1.0
1974,7,-0.46,-0.249,0.8500422877419355,3.0
1974,8,-0.4,-0.498,1.074155283267742,5.0
1974,9,-0.47,-0.661,0.9738112963333333,1.0
1974,10,-0.69,-0.845,0.9921956770967741,5.0
1974,11,-0.88,-0.551,0.8571291733333334,6.0
1974,12,-0.71,-0.36,0.8659016363774193,7.0
1975,1,-0.56,-0.367,1.6703991880645161,8.0
1975,2,-0.55,-0.25,1.5161655678571428,1.0
1975,3,-0.61,-0.464,1.5107749632258065,3.0
1975,4,-0.66,0.087,1.7407238386666668,2.0
1975,5,-0.8,0.066,0.6574914222580646,2.0
1975,6,-0.92,0.055,1.3867211276666667,4.0
1975,7,-1.08,-0.039,1.6907545193548388,2.0
1975,8,-1.12,-0.344,1.091334322903226,5.0
1975,9,-1.29,-0.857,0.7913458553333333,1.0
1975,10,-1.32,-1.056,0.7768538551129033,5.0
1975,11,-1.47,-0.328,0.9253528316666666,8.0
1975,12,-1.58,-0.169,1.0417191258064515,8.0
1976,1,-1.49,0.005,1.834366834516129,6.0
1976,2,-1.11,0.077,1.0801324720689656,8.0
1976,3,-0.65,0.02,0.7079384773548386,5.0
1976,4,-0.45,0.122,0.694163626,2.0
1976,5,-0.23,-0.004,1.2929743906451614,7.0
1976,6,0.0,0.369,0.7404229729633334,2.0
1976,7,0.23,0.593,0.5318703241935484,4.0
1976,8,0.4,0.107,1.2991906812903224,3.0
1976,9,0.6,-0.208,1.7311873133333333,6.0
1976,10,0.79,-0.231,1.3352454777419356,5.0
1976,11,0.81,-0.181,1.3536582700533333,3.0
1976,12,0.84,0.029,1.4740346477419355,1.0
1977,1,0.71,-0.003,0.8400428006451612,2.0
1977,2,0.66,-0.261,1.0397052060714285,3.0
1977,3,0.33,0.174,1.674077729032258,7.0
1977,4,0.26,-0.029,2.0095004926666666,1.0
1977,5,0.26,-0.341,1.3203353893548386,8.0
1977,6,0.46,-0.095,1.1449766080000001,5.0
1977,7,0.39,-0.171,1.0709987806451613,5.0
1977,8,0.35,-0.261,0.8956241280645161,1.0
1977,9,0.45,-0.259,1.79931732,1.0
1977,10,0.68,0.245,0.6892718716129032,8.0
1977,11,0.84,-0.127,1.3839367443333332,8.0
1977,12,0.82,-0.02,0.8505023864516129,7.0
1978,1,0.71,-0.64,1.6989839889612903,4.0
1978,2,0.52,-0.53,1.7901202278571429,8.0
1978,3,0.17,-0.583,2.25892309375,1.0
1978,4,-0.06,-0.214,1.2760753797360933,0.0
1978,5,-0.28,-0.533,1.2760753797360933,0.0
1978,6,-0.24,-0.175,1.2760753797360933,0.0
1978,7,-0.37,-0.107,1.2760753797360933,0.0
1978,8,-0.37,-0.224,1.2760753797360933,0.0
1978,9,-0.44,-0.26,1.2760753797360933,0.0
1978,10,-0.27,-0.502,1.2760753797360933,0.0
1978,11,-0.07,-0.458,1.2760753797360933,0.0
1978,12,0.11,-0.26,1.2760753797360933,0.0
1979,1,0.19,0.317,1.7195324841935484,7.0
1979,2,0.21,-0.159,1.063415074642857,3.0
1979,3,0.29,-0.034,1.3896006751612904,4.0
1979,4,0.32,-0.207,1.8449910066666668,1.0
1979,5,0.29,-0.444,1.6778570587096775,4.0
1979,6,0.14,0.109,1.6397961300000001,2.0
1979,7,0.09,-0.315,1.2626934848387097,1.0
1979,8,0.22,-0.226,2.249053248387097,1.0
1979,9,0.34,-0.279,1.8216750099999999,1.0
1979,10,0.47,-0.314,1.8901715967741937,6.0
1979,11,0.5,-0.251,1.492557377,3.0
1979,12,0.64,-0.101,1.0625697770967744,4.0
1980,1,0.62,-0.158,0.7821294493548386,5.0
1980,2,0.47,-0.2,0.6974407365931035,7.0
1980,3,0.35,-0.418,1.4219328212903224,6.0
1980,4,0.34,-0.096,1.6945246133333334,8.0
1980,5,0.45,-0.066,0.5559942336387097,2.0
1980,6,0.4,-0.382,0.6750717646666667,4.0
1980,7,0.18,-0.661,0.7928555761290322,1.0
1980,8,-0.06,-0.822,1.1629214538709676,1.0
1980,9,-0.17,-0.745,1.1391963003333332,1.0
1980,10,-0.07,-0.658,1.1071735209677418,2.0
1980,11,0.08,-0.417,0.7862608527033333,2.0
1980,12,-0.05,-0.483,0.45220313451612903,2.0
1981,1,-0.27,-0.201,0.8293697054838709,7.0
1981,2,-0.42,-0.024,1.5617196100000001,7.0
1981,3,-0.41,0.026,2.681950648387097,8.0
1981,4,-0.27,0.093,1.8680893193333332,7.0
1981,5,-0.28,-0.018,1.3846508461290323,5.0
1981,6,-0.27,-0.239,0.9336480726666667,5.0
1981,7,-0.28,-0.56,1.4045889706451613,3.0
1981,8,-0.23,-0.628,1.4383230925806452,1.0
1981,9,-0.08,-0.757,1.8157109833333334,2.0
1981,10,-0.16,-0.606,0.7776436432258065,1.0
1981,11,-0.19,-0.327,0.710026636,4.0
1981,12,-0.14,-0.019,1.3702251690322582,7.0
1982,1,-0.05,0.144,0.9918782558064516,4.0
1982,2,0.02,0.167,0.9554450314285715,8.0
1982,3,0.07,0.054,0.8262813755225806,2.0
1982,4,0.34,0.119,1.148347365,4.0
1982,5,0.65,0.223,1.4055054783870968,8.0
1982,6,0.73,0.255,1.0878709756666667,6.0
1982,7,0.78,0.265,0.8223303216129032,7.0
1982,8,0.99,0.256,0.8475525412903225,3.0
1982,9,1.45,0.442,0.867028632,1.0
1982,10,1.82,0.624,0.8961542580645162,2.0
1982,11,2.03,0.284,1.4591116116666667,3.0
1982,12,2.12,-0.163,1.1253084548387096,3.0
1983,1,2.14,-0.482,1.117295640967742,8.0
1983,2,1.91,-0.588,0.9090125164392857,1.0
1983,3,1.52,-0.752,0.7868987441935483,8.0
1983,4,1.23,-0.556,1.0557689343333334,2.0
1983,5,0.95,-0.058,0.8622527793548388,4.0
1983,6,0.62,0.37,1.0646092856666667,4.0
1983,7,0.25,0.525,0.8894303893548388,3.0
1983,8,-0.06,0.345,1.1866414248387098,4.0
1983,9,-0.43,-0.068,1.5015712159999999,2.0
1983,10,-0.76,-0.288,1.1446224545161292,5.0
1983,11,-0.96,-0.343,1.2615855596733332,7.0
1983,12,-0.89,-0.101,1.1142831458645162,2.0
1984,1,-0.63,-0.223,1.1969295761290322,2.0
1984,2,-0.51,-0.149,0.9707868210344827,3.0
1984,3,-0.38,-0.122,1.1145052238709678,8.0
1984,4,-0.47,0.05,0.9875518263333334,3.0
1984,5,-0.55,-0.304,0.5988378038709677,7.0
1984,6,-0.52,-0.356,0.9397037393866667,6.0
1984,7,-0.39,-0.366,1.0804282022580645,6.0
1984,8,-0.22,-0.497,1.601658936451613,6.0
1984,9,-0.32,-0.608,1.0630775066666667,8.0
1984,10,-0.62,-0.654,1.2993950003225807,7.0
1984,11,-0.95,-0.418,2.1089026766666668,1.0
1984,12,-1.06,-0.278,1.0852704222580645,4.0
1985,1,-1.01,-0.467,1.5490846358064516,8.0
1985,2,-0.86,-0.627,3.0358903535714283,3.0
1985,3,-0.85,-0.541,1.44794103,8.0
1985,4,-0.8,-0.2,1.2419271546666666,2.0
1985,5,-0.79,-0.223,1.008298991935484,2.0
1985,6,-0.6,-0.629,1.35063115234,5.0
1985,7,-0.44,-0.404,0.669351545483871,1.0
1985,8,-0.33,-0.459,0.4792799857580646,4.0
1985,9,-0.31,-0.238,0.53988579226,1.0
1985,10,-0.3,-0.498,1.4316176822580644,6.0
1985,11,-0.28,0.074,1.6309367590000001,7.0
1985,12,-0.36,-0.417,0.7487964512903226,1.0
1986,1,-0.4,-0.113,2.3874909677419356,3.0
1986,2,-0.38,-0.135,0.8936003021678571,1.0
1986,3,-0.25,-0.2,2.2457286967741936,2.0
1986,4,-0.17,-0.286,1.1433316736666665,6.0
1986,5,-0.09,-0.154,1.714687411935484,6.0
1986,6,0.02,-0.279,1.5753875636666668,2.0
1986,7,0.24,-0.546,0.9115931906451612,7.0
1986,8,0.46,-0.401,1.5441499738709676,6.0
1986,9,0.64,-0.142,1.2425125639999999,3.0
1986,10,0.86,-0.048,1.02212198,2.0
1986,11,1.06,-0.243,1.9165936733333335,4.0
1986,12,1.21,-0.274,0.9327862603225806,1.0
1987,1,1.18,-0.081,1.0033552251612903,3.0
1987,2,1.13,0.041,1.4592089207142858,7.0
1987,3,1.02,-0.138,1.6611699132258064,1.0
1987,4,0.94,-0.157,1.1510604663333335,8.0
1987,5,0.95,0.165,1.4071991974193547,7.0
1987,6,1.11,0.109,1.2242250996666668,5.0
1987,7,1.3,0.206,1.0926803877419355,7.0
1987,8,1.46,0.297,1.9325728870967742,4.0
1987,9,1.49,0.392,1.2351589413333335,4.0
1987,10,1.41,0.254,0.9263169303225807,4.0
1987,11,1.2,-0.051,1.796750200333333,6.0
1987,12,1.0,0.152,1.5608294738451614,6.0
1988,1,0.63,0.353,1.3736145483870967,8.0
1988,2,0.37,-0.154,1.9930998237931035,6.0
1988,3,-0.03,-0.313,2.8146703032258067,1.0
1988,4,-0.45,-0.128,1.9655137083333334,2.0
1988,5,-0.99,-0.513,1.2091317461290323,3.0
1988,6,-1.3,-0.272,0.9826823632166667,1.0
1988,7,-1.3,-0.15,0.8084525750774193,1.0
1988,8,-1.14,-0.289,1.1006528670967743,1.0
1988,9,-1.27,-0.394,1.2709277959166667,4.0
1988,10,-1.54,-0.525,1.5713871932258063,6.0
1988,11,-1.81,-0.184,0.6991197353333334,6.0
1988,12,-1.85,0.156,0.8415740019354839,6.0
1989,1,-1.64,-0.281,1.8410741903225807,2.0
1989,2,-1.38,-0.045,1.0350100396428572,7.0
1989,3,-1.09,-0.319,1.1888569729032257,8.0
1989,4,-0.85,-0.48,1.52454488,6.0
1989,5,-0.61,-0.594,1.2626754829032258,5.0
1989,6,-0.4,-0.78,0.8109816980000001,7.0
1989,7,-0.37,-0.447,1.1306545196774194,3.0
1989,8,-0.36,-0.321,0.5617270645290323,2.0
1989,9,-0.33,-0.224,1.1059220063333333,2.0
1989,10,-0.25,-0.412,1.228520914516129,4.0
1989,11,-0.12,-0.338,1.116559016,8.0
1989,12,-0.04,-0.167,1.3171710629032258,8.0
1990,1,0.18,-0.099,2.037957725806452,3.0
1990,2,0.19,-0.289,1.5582885642857143,1.0
1990,3,0.3,-0.143,2.3139022838709677,7.0
1990,4,0.27,-0.385,1.81234366,1.0
1990,5,0.25,-0.349,1.4207266366645162,4.0
1990,6,0.25,-0.568,0.7040596286666666,6.0
1990,7,0.26,-0.246,0.7642434731967742,1.0
1990,8,0.32,-0.391,0.8801470647322581,6.0
1990,9,0.31,-0.183,0.775732242,3.0
1990,10,0.27,-0.345,1.4201894870967744,1.0
1990,11,0.31,-0.095,1.424784573,7.0
1990,12,0.34,0.003,1.3320884206451613,7.0
1991,1,0.35,0.065,0.9337219903419355,4.0
1991,2,0.26,-0.097,1.223992427142857,5.0
1991,3,0.23,-0.037,1.0113000977419355,2.0
1991,4,0.29,0.288,1.0739849003333333,4.0
1991,5,0.49,0.379,1.7693103548387097,2.0
1991,6,0.63,0.263,1.4334286633333333,5.0
1991,7,0.77,0.269,0.6487244419290323,6.0
1991,8,0.67,0.058,1.2953001661290322,5.0
1991,9,0.72,0.099,1.3728957676666667,8.0
1991,10,0.83,-0.031,1.178374520967742,3.0
1991,11,1.18,0.04,0.9235051,7.0
1991,12,1.43,0.084,1.6881640335483872,8.0
1992,1,1.54,-0.321,1.7135948906451612,1.0
1992,2,1.5,-0.388,1.0900719717241378,4.0
1992,3,1.4,-0.671,1.5111300558064518,8.0
1992,4,1.3,-0.553,1.3064477013333333,6.0
1992,5,1.08,-0.549,0.957122006535484,3.0
1992,6,0.72,-0.861,1.0309609286666666,3.0
1992,7,0.35,-0.479,1.032042581935484,3.0
1992,8,0.08,-0.768,0.7930089680645162,5.0
1992,9,-0.15,-0.833,1.1277177353333334,2.0
1992,10,-0.22,-0.627,1.2401599732258064,3.0
1992,11,-0.24,-0.4,1.1533581916666666,1.0
1992,12,-0.05,-0.316,0.7545573838516129,7.0
1993,1,0.13,-0.196,2.5455803032258064,3.0
1993,2,0.31,0.035,1.2363882235714285,7.0
1993,3,0.5,-0.295,1.1552838719354837,3.0
1993,4,0.73,-0.181,0.7601906326666668,8.0
1993,5,0.76,-0.027,0.9659904167741935,1.0
1993,6,0.56,-0.108,1.5129156700000002,8.0
1993,7,0.28,-0.152,0.8503892948387097,5.0
1993,8,0.22,-0.306,0.9336245306,1.0
1993,9,0.2,-0.17,0.4647173026666666,2.0
1993,10,0.2,-0.156,1.039189420967742,4.0
1993,11,0.2,-0.149,1.347927876,2.0
1993,12,0.19,-0.206,1.1593436987096775,4.0
1994,1,0.07,0.025,0.7242473929032258,4.0
1994,2,0.0,-0.146,2.13854105,3.0
1994,3,0.04,0.202,0.7478716503225806,8.0
1994,4,0.17,0.351,0.692822098,7.0
1994,5,0.25,0.544,1.6855618445161291,6.0
1994,6,0.23,0.433,0.9438176643333333,1.0
1994,7,0.3,0.557,0.9770992674193548,6.0
1994,8,0.3,0.811,0.600948133816129,1.0
1994,9,0.47,0.529,1.6379502946666666,6.0
1994,10,0.66,0.707,1.3548562258064516,1.0
1994,11,0.93,0.287,1.3418596026666667,2.0
1994,12,0.97,0.263,1.5416114325806451,5.0
1995,1,0.88,0.139,1.406176635483871,4.0
1995,2,0.65,0.164,1.0510041475,3.0
1995,3,0.46,-0.05,1.4763422238709676,1.0
1995,4,0.19,-0.221,1.3071490456666666,1.0
1995,5,0.03,-0.251,1.5533574229032259,8.0
1995,6,-0.11,-0.078,0.8386585686666667,2.0
1995,7,-0.3,-0.169,1.3968855583870967,2.0
1995,8,-0.55,-0.144,1.3320209096774194,2.0
1995,9,-0.81,-0.18,1.0134717556666666,5.0
1995,10,-0.97,-0.367,0.6955068448903226,7.0
1995,11,-1.05,-0.295,1.3777157263333335,4.0
1995,12,-1.01,0.09,1.358112748064516,7.0
1996,1,-0.88,-0.021,0.8677221958064516,1.0
1996,2,-0.7,-0.033,0.7548628566448276,2.0
1996,3,-0.52,-0.085,1.839944168387097,7.0
1996,4,-0.36,-0.369,1.0315153933333334,4.0
1996,5,-0.25,-0.266,1.6076845519354839,7.0
1996,6,-0.24,-0.395,1.5769545686666668,3.0
1996,7,-0.22,-0.644,1.590457191935484,6.0
1996,8,-0.27,-0.681,1.0089208741935483,3.0
1996,9,-0.3,-0.712,1.0609203293333334,5.0
1996,10,-0.33,-1.109,0.9030675464516129,1.0
1996,11,-0.39,-0.797,1.7494906476666665,5.0
1996,12,-0.41,-0.413,2.181087715483871,3.0
1997,1,-0.41,-0.11,1.2290671322580646,5.0
1997,2,-0.26,0.079,2.0139664214285715,4.0
1997,3,-0.03,0.043,3.1540128967741934,6.0
1997,4,0.3,0.054,1.5166102756666668,2.0
1997,5,0.71,0.026,1.8600327158064518,7.0
1997,6,1.13,0.081,2.0743188526666665,2.0
1997,7,1.48,0.447,1.454948638064516,4.0
1997,8,1.79,0.633,0.6394336803225806,4.0
1997,9,2.04,0.771,0.6637266016666667,2.0
1997,10,2.24,0.874,0.8330919136193549,7.0
1997,11,2.34,1.279,1.1042485676666667,1.0
1997,12,2.37,0.863,1.1202297012903224,2.0
1998,1,2.22,0.525,1.1190308054838711,8.0
1998,2,1.91,0.422,1.0981855267857143,2.0
1998,3,1.4,-0.055,0.7431860038709677,7.0
1998,4,1.03,0.047,0.9705981949800001,3.0
1998,5,0.4,0.14,2.0080821048387096,5.0
1998,6,-0.08,0.147,0.921335034,3.0
1998,7,-0.63,-0.385,0.75393639,2.0
1998,8,-0.83,-0.58,1.00514719,2.0
1998,9,-1.02,-0.496,1.4218518516666667,8.0
1998,10,-1.12,-0.743,1.2006599729032257,5.0
1998,11,-1.31,-0.653,1.5365223635833334,6.0
1998,12,-1.47,-0.336,0.73079313,7.0
1999,1,-1.51,-0.13,1.417045455483871,8.0
1999,2,-1.25,-0.038,1.6669823164285715,6.0
1999,3,-0.93,0.102,1.3951145809677419,2.0
1999,4,-0.8,-0.001,1.1522467250000001,5.0
1999,5,-0.79,-0.186,1.2344164522580645,1.0
1999,6,-0.84,-0.146,1.3425115920000001,8.0
1999,7,-0.9,0.111,0.8880601312903226,4.0
1999,8,-0.94,0.023,0.8218440292580644,1.0
1999,9,-1.0,-0.049,1.224314593,1.0
1999,10,-1.13,-0.189,1.1313217996774194,2.0
1999,11,-1.35,-0.116,1.409549706,6.0
1999,12,-1.53,-0.148,1.1869572570967741,7.0
2000,1,-1.47,-0.125,0.6000893251612903,1.0
2000,2,-1.26,-0.009,1.1428570703448275,4.0
2000,3,-0.98,0.141,0.9157557180645162,5.0
2000,4,-0.81,0.141,0.9053602656666667,4.0
2000,5,-0.67,0.113,0.9960924206451613,7.0
2000,6,-0.62,-0.022,0.7017651786833333,1.0
2000,7,-0.48,0.077,1.5948303687096774,8.0
2000,8,-0.4,0.131,1.62711539,5.0
2000,9,-0.42,-0.096,1.278711512,8.0
2000,10,-0.54,-0.142,1.5696261258064517,5.0
2000,11,-0.76,-0.306,1.6378827666666667,3.0
2000,12,-0.78,-0.248,1.1626311996774195,3.0
2001,1,-0.76,-0.431,1.8043092477419354,3.0
2001,2,-0.54,-0.016,2.3275103500000003,6.0
2001,3,-0.43,-0.01,0.6080977735483871,7.0
2001,4,-0.29,0.136,0.6858787033333333,4.0
2001,5,-0.19,0.137,1.5366611332258064,6.0
2001,6,-0.08,0.127,0.8460881063833334,2.0
2001,7,-0.05,-0.14,1.4921871870967742,1.0
2001,8,-0.13,-0.301,1.397106648064516,7.0
2001,9,-0.15,-0.223,1.2181324733333334,2.0
2001,10,-0.26,-0.451,1.3723289300000001,7.0
2001,11,-0.33,-0.245,0.9614376696666667,3.0
2001,12,-0.32,-0.051,1.7203842838709678,7.0
2002,1,-0.15,-0.142,1.6998524758064517,2.0
2002,2,0.07,-0.098,1.0814431442857144,5.0
2002,3,0.11,0.008,1.3025143731387099,3.0
2002,4,0.15,-0.352,0.8904978936033333,3.0
2002,5,0.3,-0.329,2.409133551612903,8.0
2002,6,0.45,-0.189,1.8803833166666666,2.0
2002,7,0.57,-0.261,1.7221574980645162,8.0
2002,8,0.63,-0.208,1.4202360319354839,8.0
2002,9,0.78,0.286,0.7018471730000001,2.0
2002,10,0.99,0.405,0.8933860990322581,5.0
2002,11,1.19,0.096,2.25046865,3.0
2002,12,1.08,-0.158,1.8575260422580646,1.0
2003,1,0.9,-0.239,0.8134987815870968,5.0
2003,2,0.59,0.017,0.7148255028571429,4.0
2003,3,0.38,-0.039,1.4626752464516128,1.0
2003,4,-0.01,-0.099,1.1874197433333333,2.0
2003,5,-0.18,-0.164,2.245336555483871,7.0
2003,6,-0.13,0.139,1.65106069,1.0
2003,7,0.09,0.131,0.9928557990322581,2.0
2003,8,0.14,0.108,0.6039936987096773,6.0
2003,9,0.23,-0.06,0.7902776976666667,4.0
2003,10,0.23,-0.243,1.2216482238709676,5.0
2003,11,0.29,-0.159,0.49874167021000004,8.0
2003,12,0.29,0.189,1.8000867477419356,3.0
2004,1,0.34,0.044,2.246038609677419,8.0
2004,2,0.27,0.114,1.4791189124137931,6.0
2004,3,0.19,0.077,2.1767354612903227,4.0
2004,4,0.1,-0.079,1.2874256193333333,2.0
2004,5,0.12,-0.565,1.4382904767741935,1.0
2004,6,0.22,-0.384,1.0188708323333333,7.0
2004,7,0.39,-0.301,1.6112249593548387,1.0
2004,8,0.54,-0.133,1.2484562670967743,6.0
2004,9,0.58,-0.106,1.4384542359999999,2.0
2004,10,0.61,-0.004,1.54811694,5.0
2004,11,0.64,-0.153,0.558687573,3.0
2004,12,0.71,-0.132,0.7194164974193549,6.0
2005,1,0.62,-0.124,1.203385613832258,6.0
2005,2,0.55,-0.56,1.5145378439285715,7.0
2005,3,0.4,-0.433,1.7757296806451612,3.0
2005,4,0.37,0.084,2.6446991,8.0
2005,5,0.27,-0.033,1.8156324893548388,4.0
2005,6,0.09,-0.176,0.7345759723333334,2.0
2005,7,-0.04,-0.384,1.0290815029032259,2.0
2005,8,-0.14,-0.345,0.939736100967742,1.0
2005,9,-0.11,-0.534,1.522602815,8.0
2005,10,-0.27,-0.436,1.0373357177419353,4.0
2005,11,-0.57,-0.272,1.0062126816666666,6.0
2005,12,-0.82,-0.3,0.6440208229032258,1.0
2006,1,-0.86,-0.135,1.7294375064516128,5.0
2006,2,-0.8,-0.306,1.6995880442857143,8.0
2006,3,-0.63,-0.226,0.8061425020580646,4.0
2006,4,-0.45,-0.015,0.9840533986666666,5.0
2006,5,-0.19,-0.208,1.1181375867741936,8.0
2006,6,-0.05,-0.059,1.1171617263333333,1.0
2006,7,0.12,0.04,1.0984740158064517,7.0
2006,8,0.33,0.229,0.9450053216129032,5.0
2006,9,0.54,0.428,1.5086187580000001,3.0
2006,10,0.71,0.577,1.7489779667580645,1.0
2006,11,0.88,0.501,1.1893461453333332,1.0
2006,12,0.88,0.172,1.4631380310096773,3.0
2007,1,0.62,0.225,1.2701261521580645,6.0
2007,2,0.19,0.15,1.1186876339285714,3.0
2007,3,-0.12,0.115,1.321150566451613,6.0
2007,4,-0.32,0.1,0.8067391546666667,8.0
2007,5,-0.34,0.27,1.2340057027322582,1.0
2007,6,-0.41,0.031,1.3529915246666666,2.0
2007,7,-0.49,0.045,1.3795319935483872,1.0
2007,8,-0.77,0.237,0.8762567774193548,2.0
2007,9,-1.05,0.235,1.1761283893333332,5.0
2007,10,-1.38,0.068,1.2009301141935484,8.0
2007,11,-1.57,-0.023,1.588934237,6.0
2007,12,-1.72,-0.227,2.0751771258064515,2.0
2008,1,-1.76,0.115,1.8184795248387096,7.0
2008,2,-1.61,-0.072,1.2379733358620688,1.0
2008,3,-1.37,0.097,1.8412203261290323,1.0
2008,4,-1.05,-0.153,0.8616907713333333,8.0
2008,5,-0.85,0.179,1.7237106374193547,1.0
2008,6,-0.56,0.215,0.953116955,3.0
2008,7,-0.33,0.246,1.2312710548387096,1.0
2008,8,-0.2,0.124,1.211697393548387,2.0
2008,9,-0.25,0.086,1.4465834003333333,5.0
2008,10,-0.36,0.029,1.3736839277419355,4.0
2008,11,-0.57,-0.128,1.2276514546666666,5.0
2008,12,-0.79,-0.053,0.8991352851612903,6.0
2009,1,-0.89,0.031,1.3644628538709678,7.0
2009,2,-0.84,0.163,0.9907292532142857,5.0
2009,3,-0.63,0.1,1.1326078929032257,8.0
2009,4,-0.35,0.126,2.2441025066666667,2.0
2009,5,0.03,0.257,1.0808286461290324,7.0
2009,6,0.34,0.1,1.4584701413333332,8.0
2009,7,0.5,-0.192,0.6150665787096774,5.0
2009,8,0.56,-0.104,1.12875141,1.0
2009,9,0.66,-0.103,1.6812911126666668,4.0
2009,10,0.92,-0.013,0.9675306593548387,8.0
2009,11,1.31,-0.067,1.78102768,3.0
2009,12,1.5,0.16,1.2578152232258064,7.0
2010,1,1.47,0.294,1.289910690967742,4.0
2010,2,1.21,0.023,1.3009368542857143,8.0
2010,3,0.88,0.458,1.229541595483871,1.0
2010,4,0.38,0.37,0.970552031,5.0
2010,5,-0.16,-0.029,1.3091519658064517,4.0
2010,6,-0.66,-0.14,1.285590429,2.0
2010,7,-0.98,-0.001,1.663601914516129,1.0
2010,8,-1.24,-0.061,0.747917844516129,1.0
2010,9,-1.43,-0.267,0.8091414173333332,1.0
2010,10,-1.54,-0.437,1.3724983983870966,6.0
2010,11,-1.57,-0.495,0.7180750344066666,2.0
2010,12,-1.48,-0.212,0.9818622567741935,5.0
2011,1,-1.29,0.191,1.5956191370967743,6.0
2011,2,-1.06,0.241,0.5124724357571429,7.0
2011,3,-0.85,0.367,1.117857366129032,3.0
2011,4,-0.68,0.154,0.9413861176666667,7.0
2011,5,-0.5,-0.089,1.5436429977419355,5.0
2011,6,-0.34,0.055,0.6791252076666666,2.0
2011,7,-0.37,0.223,1.0109919648387098,1.0
2011,8,-0.5,0.344,1.011544473516129,2.0
2011,9,-0.76,0.202,0.9066917783333334,3.0
2011,10,-0.94,0.356,1.8293501125806453,2.0
2011,11,-1.02,0.336,1.4278005003333334,3.0
2011,12,-0.92,-0.128,1.388414425483871,4.0
2012,1,-0.71,0.046,1.0838557522580645,6.0
2012,2,-0.56,-0.078,1.9624444827586207,2.0
2012,3,-0.44,0.026,2.275805190322581,6.0
2012,4,-0.35,-0.271,1.392764723,4.0
2012,5,-0.18,-0.37,0.508314344516129,8.0
2012,6,0.03,0.0,1.5851710730000002,1.0
2012,7,0.28,0.546,1.0006735025806452,2.0
2012,8,0.39,0.652,1.4237936377419356,3.0
2012,9,0.37,0.453,1.1895103533333333,5.0
2012,10,0.28,0.11,1.05932045,2.0
2012,11,0.13,-0.099,0.7542804866666667,6.0
2012,12,-0.03,0.267,0.8817284803225806,1.0
2013,1,-0.24,-0.065,1.989185853870968,7.0
2013,2,-0.28,0.189,1.6343154739285715,1.0
2013,3,-0.23,0.083,1.208878878064516,6.0
2013,4,-0.2,-0.297,0.9100850366666666,8.0
2013,5,-0.3,-0.506,1.196817595483871,1.0
2013,6,-0.38,-0.497,1.2253081406666666,2.0
2013,7,-0.45,-0.181,0.8870305335483871,1.0
2013,8,-0.34,-0.194,0.912353013548387,8.0
2013,9,-0.32,-0.31,1.5937026506666667,5.0
2013,10,-0.14,-0.168,0.8202488128741936,6.0
2013,11,-0.12,0.199,0.6853039573333334,3.0
2013,12,-0.11,0.141,1.0410569158064515,3.0
2014,1,-0.24,-0.101,1.1766352048387096,6.0
2014,2,-0.21,-0.089,1.4348881625,7.0
2014,3,-0.02,-0.151,1.5816916796774194,1.0
2014,4,0.25,-0.058,1.3192271676666667,6.0
2014,5,0.35,-0.092,1.4339224977419354,1.0
2014,6,0.22,-0.028,1.108679051,4.0
2014,7,0.07,-0.363,1.1528067432258065,6.0
2014,8,0.07,-0.372,1.2150309538709676,2.0
2014,9,0.24,-0.145,0.649377995,4.0
2014,10,0.51,0.141,0.9880874900000001,1.0
2014,11,0.7,0.009,1.4682012086666667,3.0
2014,12,0.8,0.046,1.3856411206451613,3.0
2015,1,0.73,-0.1,1.595519382903226,7.0
2015,2,0.65,-0.345,0.8730502682142857,7.0
2015,3,0.72,-0.241,2.5235438870967744,8.0
2015,4,0.86,-0.008,0.9544394936666667,3.0
2015,5,1.04,0.24,0.7510026245161291,7.0
2015,6,1.19,0.296,1.9929203833333333,4.0
2015,7,1.44,0.225,1.837990334516129,7.0
2015,8,1.73,0.568,0.8428048241935484,8.0
2015,9,2.02,0.294,0.62977513528,1.0
2015,10,2.28,0.482,1.5348366948387098,8.0
2015,11,2.45,0.347,1.8664467500000002,3.0
2015,12,2.59,0.272,1.905701525483871,4.0
2016,1,2.5,0.265,1.397440465735484,3.0
2016,2,2.21,-0.11,2.0595920172413793,7.0
2016,3,1.69,-0.008,1.2421979758064514,8.0
2016,4,1.11,0.146,0.6606036036666667,1.0
2016,5,0.57,-0.113,1.3503781812903226,3.0
2016,6,0.09,-0.443,1.5598082686666668,4.0
2016,7,-0.19,-0.757,1.0086871877419354,2.0
2016,8,-0.34,-0.443,1.3634238690322582,6.0
2016,9,-0.42,-0.437,0.9987363606666667,5.0
2016,10,-0.51,-0.371,0.6798959190322581,6.0
2016,11,-0.49,-0.382,1.4056047909999998,3.0
2016,12,-0.37,-0.31,0.6025583080645162,6.0
2017,1,-0.08,-0.086,1.2075865980645162,3.0
2017,2,0.08,0.101,2.432161792857143,2.0
2017,3,0.27,0.357,0.7525501162903225,4.0
2017,4,0.32,0.498,0.7843319514433333,7.0
2017,5,0.35,0.536,1.3503042366709677,3.0
2017,6,0.32,0.424,1.010765505,1.0
2017,7,0.14,0.52,1.0194311058064516,3.0
2017,8,-0.07,0.349,0.560064344016129,2.0
2017,9,-0.23,0.035,0.5864452456666667,4.0
2017,10,-0.44,0.015,2.0237151622580645,5.0
2017,11,-0.61,0.289,0.8390316453333334,4.0
2017,12,-0.76,0.11,1.455329965483871,6.0
2018,1,-0.71,-0.2,2.2438225967741934,2.0
2018,2,-0.67,0.216,2.449217742857143,7.0
2018,3,-0.55,-0.12,1.1359975419354837,3.0
2018,4,-0.35,-0.083,1.4919827436666668,3.0
2018,5,-0.07,0.122,1.7735262777419354,1.0
2018,6,0.13,0.155,1.099695321,1.0
2018,7,0.2,0.053,1.4670566325806451,6.0
2018,8,0.3,0.121,1.1604823280645162,6.0
2018,9,0.52,0.604,1.0746740603333333,8.0
2018,10,0.82,0.684,1.372201460967742,1.0
2018,11,1.04,0.5,1.3713922473333333,5.0
2018,12,1.05,0.309,2.266200470967742,5.0
2019,1,0.99,0.387,1.75703085,6.0
2019,2,0.94,0.416,1.7487797142857142,8.0
2019,3,0.87,0.225,1.1146516216129032,4.0
2019,4,0.82,0.258,1.0698441273333332,2.0
2019,5,0.71,0.54,1.854505129032258,8.0
2019,6,0.59,0.605,1.3048570076666666,3.0
2019,7,0.38,0.597,0.8737279109677419,1.0
2019,8,0.2,0.436,0.9542141777419355,4.0
2019,9,0.31,0.892,1.6799940163333333,1.0
2019,10,0.51,0.964,1.5321089774193548,1.0
2019,11,0.72,0.835,1.5540973666666666,1.0
2019,12,0.75,0.243,0.9795201067741935,2.0
2020,1,0.71,0.173,2.0013102467741937,6.0
2020,2,0.66,0.054,1.19141821,5.0
2020,3,0.57,0.019,1.516898370967742,3.0
2020,4,0.33,-0.011,1.6374265986666667,1.0
2020,5,0.04,0.298,1.1646890893548387,2.0
2020,6,-0.18,0.455,1.3547168013333333,1.0
2020,7,-0.29,0.319,1.5012130690322583,2.0
2020,8,-0.43,-0.183,1.5708076487096774,8.0
2020,9,-0.77,-0.189,1.1078213236666665,4.0
2020,10,-1.0,0.074,1.8443815480645163,5.0
2020,11,-1.11,0.02,1.0659901883333334,4.0
2020,12,-1.06,0.031,0.8462182629741936,5.0
2021,1,-0.99,0.051,1.3812992767741936,3.0
2021,2,-0.85,0.243,1.7109776275000002,7.0
2021,3,-0.74,0.267,1.1486161170967741,1.0
2021,4,-0.56,0.25,2.1312086966666666,7.0
2021,5,-0.4,0.009,1.6188268058064517,2.0
2021,6,-0.31,-0.002,1.2543668813333333,1.0
2021,7,-0.35,-0.229,1.2697446645161292,2.0
2021,8,-0.46,-0.099,1.3328496390322582,2.0
2021,9,-0.64,-0.058,1.16716908,3.0
2021,10,-0.77,-0.091,1.1958632022580646,5.0
2021,11,-0.91,0.069,1.0642061103333333,4.0
2021,12,-0.83,-0.12,2.068191648387097,6.0
2022,1,-0.76,-0.056,1.1541269361290323,7.0
2022,2,-0.68,-0.082,1.2939472457142858,3.0
2022,3,-0.77,-0.093,1.0719917463806452,4.0
2022,4,-0.86,-0.068,0.6809799073333332,1.0
2022,5,-0.83,-0.122,1.2369349422580647,1.0
2022,6,-0.73,-0.335,1.7460144566666667,1.0
2022,7,-0.7,-0.195,0.9906527754838709,4.0
2022,8,-0.78,-0.246,0.9623516609677419,2.0
2022,9,-0.87,-0.322,0.45954351401,4.0
2022,10,-0.89,-0.691,1.5040083503225805,6.0
2022,11,-0.82,-0.269,1.2876559716666667,7.0
2022,12,-0.7,-0.091,1.0273198254935483,4.0
2023,1,-0.55,0.11,1.3139867793548388,3.0
2023,2,-0.33,0.157,1.642928577857143,7.0
2023,3,-0.11,0.414,2.51316421,8.0
2023,4,0.19,0.56,1.690960304,7.0
2023,5,0.46,0.443,1.6563232422580645,6.0
2023,6,0.73,0.665,1.1452140906,2.0
2023,7,1.0,0.498,0.7976125261290323,6.0
2023,8,1.25,0.826,0.9138732870967742,8.0
2023,9,1.5,0.946,0.8482362092433333,4.0
2023,10,1.74,0.804,1.3481443029032258,1.0
2023,11,1.9,0.92,1.3793660156666665,2.0
2023,12,1.99,0.852,1.5088745183870966,1.0
2024,1,1.84,0.765,2.1301275538709676,3.0
2024,2,1.53,0.327,1.4454277320833333,7.0
2024,3,1.18,0.421,1.2760753797360933,0.0
2024,4,0.77,0.44,1.2760753797360933,0.0
2024,5,0.43,0.298,1.2760753797360933,0.0
2024,6,0.18,0.197,1.2760753797360933,0.0
2024,7,0.06,0.033,1.2760753797360933,0.0
2024,8,-0.04,0.267,1.2760753797360933,0.0
2024,9,-0.12,0.115,1.2760753797360933,0.0
2024,10,-0.19,-0.196,1.2760753797360933,0.0
2024,11,-0.29,-0.382,1.2760753797360933,0.0
2024,12,-0.43,-0.331,1.2760753797360933,0.0
2025,1,-0.46,-0.196,1.2760753797360933,0.0
2025,2,-0.22,0.017,1.2760753797360933,0.0
2025,3,-0.08,0.058,1.2760753797360933,0.0
2025,4,0.02,0.149,1.2760753797360933,0.0
2025,5,-0.04,0.107,1.2760753797360933,0.0
2025,6,-0.02,-0.014,1.2760753797360933,0.0
2025,7,-0.11,-0.072,1.2760753797360933,0.0
2025,8,-0.26,-0.42,1.2760753797360933,0.0
2025,9,-0.43,-0.467,1.2760753797360933,0.0
2025,10,-0.57,-0.448,1.2760753797360933,0.0
2025,11,-0.61,-0.256,1.2760753797360933,0.0
2025,12,-0.6,-0.017,1.2760753797360933,0.0
2026,1,-0.39,0.123,1.2760753797360933,0.0
2026,2,-0.21,0.529,1.2760753797360933,0.0
2026,3,0.11,0.285,1.2760753797360933,0.0
2026,4,0.46,0.279,1.2760753797360933,0.0
2026,5,0.95,0.146,1.2760753797360933,0.0
